Cek seberapa jeli mata kamu, temukan 5 perbedaan dalam foto kang @ridwankamil ini! #BulatHangatNikmat https://t.co/FConiSooR7
Kbersihn keindahn ktrtibn milik kita brsma, sense of belonging @ridwankamil @PemumBdg @dbmpkotabdg @Cleansee‚Ä¶ https://t.co/lOg0Qz81Ah
CC. @disdik_bandung @Kec_Kircon @Kel_BabakanSari @Bandung_Dinkes @puskesmas_bbksari @ridwankamil https://t.co/c2AJW0wFXH
RT @LurahRanum: @ridwankamil @OdedMD @yossiirianto @bsukardi67 @danamon LurahRanum PeduliLingkungan melalui TanamPohon, perbanyak Biopori,G‚Ä¶
RT @IsyeG: Salut ka kang @ridwankamil üëçüëç https://t.co/OTk9RedF3G
RT @bedebahbule: @ridwankamil @BDGsosmed silahkan bawa di mobil masing masing https://t.co/ox61R9zEoo
Jangan lupa mampir kalau lagi di daerah setiabudhi yah :) Ada menu spesial !  @kangsodiq @leteats @Your_Bandung‚Ä¶ https://t.co/gxREXmfZIc
RT @ridwankamil: Terima kasih pak Menteri @imam_nahrawi . Insya Allah Generasi Muda Bandung akan menjadi garda terdepan membangun negeri. h‚Ä¶
RT @ridwankamil: Utk ekstra keamanan,Polrestabes hadirkan Pos Polisi di Tamansari, Dipati Ukur, Ciumbuleuit, Ahmad Yani, Alun2, Pahlawan, S‚Ä¶
RT @rosihan_fahmi: 1tahun @rindumenantii bersinergi melayani negeri. @dishub_kotabdg @BDGcleanaction @ridwankamil @RadioElshinta https://t.‚Ä¶
@ridwankamil  .       komponen jalur air layak disimulasikan dlm sistem dinamis utk mengurangi risiko banjir
ada hipotesis konon banjir pagarsih merupakan mekanisme alam menemukan kembali kesetimbangannya. situ aksan üòå‚Ä¶ https://t.co/QPJY1qA8gw
@ridwankamil kang, seblak yang enak banget d bandung dimana? Hehe
RT @kelsukagalih: Gober Sukagalih dan Gober Sukabungah membersihkan sedimen sungai cianting @ridwankamil @PemumBdg @dbmpkotabdg @Diskominfo‚Ä¶
Silverman msh beredar di Antapani (dkt per4an jln jkt), mhn ditindak @infobdg @relawan_bdg @ridwankamil @Satpolppbdg https://t.co/5VANog9ADk
RT @rosihan_fahmi: 1tahun @rindumenantii bersinergi melayani negeri. @dishub_kotabdg @BDGcleanaction @ridwankamil @RadioElshinta https://t.‚Ä¶
Bebersih saluran air cianting oleh petugas gober @ridwankamil  @bplh_kotabdg @dbmpkotabdg @sekitarbdg_‚Ä¶ https://t.co/ED7E1Lm3AJ
RT @dbmpkotabdg: @Kel_Nyengsret @ridwankamil @OdedMD @yossiirianto @DiskominfoBdg @Erni0869 sawangsulna
RT @Kel_CipadungKln: beberes sampah bekas banjir di sungai cihampelas Rw 07 sabtu tgl 12 november 2016 @ridwankamil @dbmpkotabdg @PemumBdg‚Ä¶
RT @Gilang_Mahesa: Informasi utk masyarakat di sekitar bantaran sungai Citarum - cc @Deddy_Mizwar_ @DediMulyadi71 @Kang_DN1 @ridwankamil @S‚Ä¶
Kang emil @ridwankamil punten, mohon ditertibkan pedagang didepan SD merdeka 5, sudah dilaporkan ke kepsek tapi tet‚Ä¶ https://t.co/pwALCfysLG
RT @IsoWira: @sahaL_AS Seandainya kasus yg menjerat Ahok menimpa pak @ridwankamil, kemungkinan Walikota Bandng itu lengser. Sama2 digoreng‚Ä¶
RT @LemburPasundan: ow ow siapa dia. lagi ngasih proposal ke @ridwankamil smoga ajaa. @relawan_bdg @infobdg @bdg_juara #LemburPasundan http‚Ä¶
RT @LemburPasundan: @ridwankamil di #LemburPasundan cc : @bdg_juara @ClickBandung @relawan_bdg hantur nhunn, sadayana mimin ijin tumbeng ht‚Ä¶
RT @TARKA_BLGD: @lemburpasundan panitia mengawal @ridwankamil mengunjungi stan makanan http://t.co/7yxYkeajvA
RT @TARKA_BLGD: Diproduksi dngan senang hati&cinta,halal tdk mahal @ridwankamil @kartaBDG @DisporaBandung @Dinsos_BDG @kec_regolbdg @Kel_Bl‚Ä¶
RT @TARKA_BLGD: IniProdukKami @ridwankamil @pidibaiq @kartaBDG @DisporaBandung @BCCF_bdg @kec_regolbdg @Kel_Blgd bantuKamiUtkPemasaran http‚Ä¶
RT @TARKA_BLGD: Kami buka stand di smpg ged.merdeka @ridwankamil @kartaBDG @DisporaBandung @Dinsos_BDG @kec_regolbdg @Kel_Blgd #kotalayakpe‚Ä¶
Lingkungan kita, tanggung jawab kita, bebersih babakan irigasi (12/11)2016 @ridwankamil @dbmpkotabdg @DiskominfoBdg https://t.co/7sjiMd4AYN
Biasa we ngaret pemirsah (at @pemkotbandung) ‚Äî https://t.co/NhReGRzbp0
aduh sugan teh ibu2 wae nu hoyong d foto sareng @ridwankamil üòÇ ieu‚Ä¶ https://t.co/dHE0KknGur
Pak @ridwankamil lampu lalulintas di perempatan pagarsih mati, dan ga ada polisi yang mengatur. Soalnya semeraut sekali. Terimakasih pa
RT @Ucupyangselalu1: @ridwankamil  @dbmpkotabdg  @hero_bandung  @PRFMnews  @er_yayat  @infobandung  Nembe beres kolam sudah bersih Team cik‚Ä¶
RT @Ucupyangselalu1: @ridwankamil  @hero_bandung  @PRFMnews  @infobandung  @er_yayat https://t.co/1q5iBYTXEN
@aheryawan @Deddy_Mizwar @ridwankamil @dbmpkotabdg apakah ini hasil dr kajian substantif juga? Shgg bisa bangunan p‚Ä¶ https://t.co/9EUif4G7CW
RT @dbmpkotabdg: @Muhamma5162285 @ridwankamil @infobandung @hero_bandung sawangsulna, hatur nuhun perhatosanna
RT @KelCiumbuleuit: Trmsk DBMP Kota hadir di lokasi @ridwankamil @PemumBdg @Kec_Cidadap https://t.co/6I134zy2jH
@ridwankamil Dear Kang Emil mohon bantuanya warga Kiara Condong XIV sudah kesulitan air sejak 3 minggu karena PDAM tidak mengalir. Htrnhn
beberes sampah bekas banjir di sungai cihampelas Rw 07 sabtu tgl 12 november 2016 @ridwankamil @dbmpkotabdg‚Ä¶ https://t.co/E8PVtZ8AkR
@aheryawan @Deddy_Mizwar @ridwankamil @dbmpkotabdg kajian substantif? Apakah krn ini akhirnya banyak apartment&hote‚Ä¶ https://t.co/fzkUYylcTs
1tahun @rindumenantii bersinergi melayani negeri. @dishub_kotabdg @BDGcleanaction @ridwankamil @RadioElshinta https://t.co/ejsJl65wcu
Bebersih lanjutan babakan irigasi di bantu DBMP dan TNI (12/11)2016 @ridwankamil @dbmpkotabdg @DiskominfoBdg https://t.co/ynq2lH59Ga
Trmsk DBMP Kota hadir di lokasi @ridwankamil @PemumBdg @Kec_Cidadap https://t.co/6I134zy2jH
@aheryawan @Deddy_Mizwar @ridwankamil @dbmpkotabdg Bandung akan makin banjir atau tidak sgt tergantung dr keputusan‚Ä¶ https://t.co/XVifeBnxCe
At @pemkotbandung [pic] ‚Äî https://t.co/T4BkyQzFLY
RT @dbmpkotabdg: @ridwankamil @OdedMD @yossiirianto @DiskominfoBdg 11/11 URC Cibeunying, perbaikan lintasan KA jl Sunda https://t.co/u7Rw2J‚Ä¶
@aheryawan @Deddy_Mizwar @ridwankamil @dbmpkotabdg ternyata rusak / tdk nya KBU tanggung jawab pak Aher. Bgmn dgn b‚Ä¶ https://t.co/6SW9t6K8uN
Bebersih lanjutan babakan irigasi di bantu TNI (12/11)2016 @ridwankamil @dbmpkotabdg @DiskominfoBdg https://t.co/rE8sogb0rL
Gober Sukagalih dan Gober Sukabungah membersihkan sedimen sungai cianting @ridwankamil @PemumBdg @dbmpkotabdg‚Ä¶ https://t.co/i9E5dSPdnZ
RT @csps_indonesia: Kemajuan Kota Diukur dari Indeks Kebahagiaan https://t.co/ea9DmCXifa #csps #strategic @a_azwarnas @ridwankamil @Sahabat‚Ä¶
@Deddy_Mizwar @aheryawan @@ridwankamil @dbmpkotabdg pak Deddy Mizwar dulu anda bingung kenapa Bandung banjir? Itu t‚Ä¶ https://t.co/cwyFjsNpo4
RT @PKM32Mengger: antusiasme bumil saat evaluasi kelas ibu hamil üòÑüòÑ cc @ridwankamil @ahyaniR13 @Bandung_Dinkes @BdgKidul @kelmengger https:‚Ä¶
@aheryawan @Deddy_Mizwar @ridwankamil @dbmpkotabdg mudah2an dgn kesepakatan politik bisa segera menangani ini dan a‚Ä¶ https://t.co/4EbhCmU1bl
@aheryawan @Deddy_Mizwar @ridwankamil @dbmpkotabdg mudah2an dgn kesepakatan politik bisa segera menangani ini dan a‚Ä¶ https://t.co/dcfBOUvof6
@aheryawan @Deddy_Mizwar @ridwankamil @dbmpkotabdg mudah2an dgn kesepakatan politik bisa segera menangani ini dan a‚Ä¶ https://t.co/FD3Wp0Xg4B
Kemajuan Kota Diukur dari Indeks Kebahagiaan https://t.co/ea9DmCXifa #csps #strategic @a_azwarnas @ridwankamil @SahabatRohman
Giat Linmas tiap hari sabtu @KelurahanAncol @ridwankamil  @PemumBdg @Satpolppbdg @kec_regolbdg https://t.co/8jZh6UUehB
@aheryawan @Deddy_Mizwar @ridwankamil @dbmpkotabdg mudah2an dgn kesepakatan politik bisa segera menangani ini dan a‚Ä¶ https://t.co/sLHSNQuRYe
Bebersih lanjutan babakan irigasi di bantu TNI (12/11)2016 @ridwankamil @PemumBdg @DiskominfoBdg https://t.co/XALuAiy5tA
RT @ridwankamil: Alhamdulilllah, dibawah koordinasi Propinsi akhirnya terbentuk lembaga koordinasi penanganan Banjir untuk 5 kota/kab di ce‚Ä¶
RT @mazNOT: Potensi Cuaca Ekstrim Meningkat, Masyarakat Dihimbau Waspada https://t.co/tDPQ1LTYMU @ridwankamil @infoBMKG @dbmpkotabdg @Pemum‚Ä¶
@ridwankamil @PemumBdg @kec_mandalajati @Jatihandapj  Sabtu 12/11/16 giat bersihkan lap cicabe https://t.co/OpF8ymVIOt
@SamsatSoetta cek pajak progresif kok malah bikin macet pelayanan nih? @ridwankamil üòá https://t.co/9fyb1uGuxu
RT @AndryWaseso: cc: @ridwankamil https://t.co/GAttX67yGZ
cc: @ridwankamil https://t.co/GAttX67yGZ
Keg msyawarah pramuka pnegak dn pndega hr ini d aula kec @ridwankamil @OdedMD @PemumBdg @DiskominfoBdg https://t.co/dlWJu65ar2
@Deddy_Mizwar @aheryawan @ridwankamil @dbmpkotabdg curah hujan sedang pun tetap akan banjir krn kurang nya resapan‚Ä¶ https://t.co/PT3rAGWDyE
Patroli malam tim linmas smalam d wilayah kecSukasari @ridwankamil @OdedMD @PemumBdg @DiskominfoBdg https://t.co/e92j8v4RD5
@KELGEGERKALONG @KecSukasari @ridwankamil ini mah TOP BGT. Respons cepat tanggap buat kepentingan warga.
@ridwankamil @dbmpkotabdg @aheryawan @Deddy_Mizwar kalian yg punya kesepakatan politik, rakyat yg menderita krn ban‚Ä¶ https://t.co/4Qd5SSpiY7
RT @diskamtam: pengeroyokan PHL @diskamtam plng menanam phn pkl.14 (11/11) olh preman diJl.IbrahimAji @ridwankamil @RESTABES_BDG https://t.‚Ä¶
@ridwankamil @dbmpkotabdg @aheryawan @Deddy_Mizwar PR today dominasi berita banjir. Hari gini msh ngomongin KESEPAK‚Ä¶ https://t.co/KskbwfcmUD
RT @a_azwarnas: Dapat ilmu. sharing dg komunitas kreatif Bandung di Pendopo kota Bandung, bareng pak @ridwankamil https://t.co/IdHScp8Wul
@ridwankamil @PemumBdg @kec_mandalajati @Jatihandapj giat sabtu12/11/16 di hal SD cicabe jl abdl hamid https://t.co/Elp95JDHxw
@KurioID @ridwankamil
@ridwankamil @PemumBdg @kec_mandalajati @Jatihandapj  kegiTn Gober jthd di dpn SD cicabe Sabtu
@ridwankamil @dbmpkotabdg @aheryawan @aheryawandemiz @Deddy_Mizwar ayoo siapa yg merubah  pecah saja pak, drpd meru‚Ä¶ https://t.co/ZrOv9ZFUuf
@ridwankamil pak mau nanya aja, sebenernya permasalahan urban apa ya yang mau dipecahkan oleh skywalk cihampelas?
@ridwankamil @PemumBdg @kec_mandalajati @Jatihandapj  kegiatan gober jatihandap Sabtu 12/11/16 https://t.co/p2R0X6lOB9
@ridwankamil @PemumBdg @kec_mandalajati @Jatihandapj Gobr jthd membersihkan kap cicabe 12/11/16 https://t.co/n3MPagWvNC
RT @AhmadHidayat8: Diundang utk Sharing ilmu di bandung, bupati  @a_azwarnas beri byk kejutan buat audiance.@ridwankamil @cakiminpkb @PBNU_‚Ä¶
@ridwankamil @PemumBdg @kec_mandalajati @Jatihandapj membersihkan sngi cpamokoln setelah banjir Sabtu 13/11/16 https://t.co/HgQosIWZKm
https://t.co/nOH8VtmkNZ @KecSukasari @KELGEGERKALONG @KelSukarasa @KelurahanIsola @KelSarijadi @ridwankamil @infobandung
üíúRT @HediYunus: Kang @ridwankamil nuhun pisaann udah nonton @KahitnaFull tadi.... ... https://t.co/Ty7Ay2sU6Z
@Itjen_Kemdikbud @ridwankamil yg jls, stlh sy laporkan sklh trsebut tmpo hari, anak sy dibebaskan dri uang bangunan, tp bgmn dgn murid lain?
#campakaharum @ridwankamil @OdedMD @yossiirianto @PemumBdg  @DiskominfoBdg @ppidkotabandung @BandungCC2016‚Ä¶ https://t.co/XHeULwo42W
Sugan w pak dgn selalu mengingat nami Allah kota Bdg jantn langkung maju terbebas dr smua hmbtan sdkt dmi sdkt barokah&JUARA @ridwankamil
Ass.wilujeng enjing pa walikota @ridwankamil pa wios masihan saran kumaha upami kota bdg aya 99 nama Allah asmaul husna dispnjg jalan
@Itjen_Kemdikbud @ridwankamil @antaranews silahkan cek/sidak sklh¬≤ didaerah saya, atau selidiki/ tanyai para org tua muridnya langsung
@Itjen_Kemdikbud @ridwankamil @antaranews maaf, saya tdk ingin keluarga saya panik lg akibat laporan saya mengenai sklh¬≤ yg saya laporkan
@KelPelwanjuara @ridwankamil @pdkebersihanbdg sawangsulna, semoga kapayunna permsalahan banjir bisa teratasi, dan di tindak cepat.
Okeee aku harus bahagia hari ini.........  See you there @FatihSeferagic in bandung with bapak kita yang hebat ini @ridwankamil..........
RT @Kel_BabakanSari: Giat Gober Bebersih saluran air,jalan &rumput @ridwankamil @Kec_Kircon @dbmpkotabdg @PemumBdg @DiskominfoBdg @pdkebers‚Ä¶
RT @Kel_grd: giat bebersih tim Gober Kel.garuda di sluruh wilayah Kel.garuda, Selasa 01.11.2016 Cc @ridwankamil @PemumBdg https://t.co/WabZ‚Ä¶
RT @LurahRanum: @ridwankamil @bsukardi 67 Giat rutin Tim Bebersih Rancanumpang dlm penataan K-3 di wilayah Kelurahan... https://t.co/PYjyJX‚Ä¶
RT @kelneglasari: Senin, 31 Okt 2016 Giat Pasgober bebersih selokan dan trotoar di Jl Pahlawan (Jalur 3) @ridwankamil @PemumBdg @Diskominfo‚Ä¶
RT @Kel_BabakanSari: Giat Gober Bebersih saluran air, jalan, rumput liar @ridwankamil @Kec_Kircon @dbmpkotabdg @PemumBdg @DiskominfoBdg @pd‚Ä¶
RT @rosihan_fahmi: Layanan serempak @rindumenantii di angkot stop jl riau. @dishub_kotabdg @BDGcleanaction @DiskominfoBdg @ridwankamil http‚Ä¶
RT @rosihan_fahmi: Layanan serempak @rindumenantii  di halte carrefour kircon. @dishub_kotabdg @BDGcleanaction @DiskominfoBdg @ridwankamil‚Ä¶
RT @rosihan_fahmi: Layanan serempak @rindumenantii  di halte ibcc ahmad yani. @dishub_kotabdg @BDGcleanaction @DiskominfoBdg @ridwankamil h‚Ä¶
regrann_app from @dawug  -  Wali Kota Bandung @ridwankamil bersama‚Ä¶ https://t.co/xy1mWu95XH
RT @rosihan_fahmi: Layanan serempak @rindumenantii  di halte ibcc ahmad yani. @dishub_kotabdg @BDGcleanaction @DiskominfoBdg @ridwankamil h‚Ä¶
RT @rosihan_fahmi: Layanan serempak @rindumenantii  di halte carrefour kircon. @dishub_kotabdg @BDGcleanaction @DiskominfoBdg @ridwankamil‚Ä¶
@ridwankamil ..sampah depan Sd babakan ciparay timur,,,belum di angkut hampir satu minggu,,, https://t.co/x2x3tZYDdr
@ridwankamil kang punten di wil. perum cijerah 2 janten seueur pungutan ti pengurus RT na anu teu di musyawarahkeun sareng wargana. nuhun
RT @Gilang_Mahesa: Informasi utk masyarakat di sekitar bantaran sungai Citarum - cc @Deddy_Mizwar_ @DediMulyadi71 @Kang_DN1 @ridwankamil @S‚Ä¶
RT @ridwankamil: Alhamdulilllah, dibawah koordinasi Propinsi akhirnya terbentuk lembaga koordinasi penanganan Banjir untuk 5 kota/kab di ce‚Ä¶
RT @kel_campaka: #prestise @ridwankamil @OdedMD @PemumBdg @ppidkotabandung @BandungCC2016 @kecamatan_andir @dbmpkotabdg @BDGcleanaction @PR‚Ä¶
RT @rosihan_fahmi: Layanan serempak @rindumenantii  di halte ibcc ahmad yani. @dishub_kotabdg @BDGcleanaction @DiskominfoBdg @ridwankamil h‚Ä¶
RT @rosihan_fahmi: Layanan serempak @rindumenantii  di halte carrefour kircon. @dishub_kotabdg @BDGcleanaction @DiskominfoBdg @ridwankamil‚Ä¶
RT @rosihan_fahmi: Layanan serempak @rindumenantii di angkot stop jl riau. @dishub_kotabdg @BDGcleanaction @DiskominfoBdg @ridwankamil http‚Ä¶
RT @ridwankamil: Peluncuran Edubox Smart School (internet lokal). Tdk bisa bolos/mabal atau nyontek lagi. Tdk usah beli buku mahal lg. 1/2‚Ä¶
RT @Satpolppbdg: Penertiban pkl & jukir yg bandel di jl. Riau samping rs. Sariningsih hr ini (11/11/16) @ridwankamil @OdedMD @yossiirianto‚Ä¶
RT @Boedhi1965: Selamat beraktivitas di hari libur... jgn lupa kemanapun melangkah dibawa tumblernya...@ridwankamil @hendrotalenta @hansuma‚Ä¶
RT @kel_campaka: #prestise @ridwankamil @OdedMD @PemumBdg @ppidkotabandung @BandungCC2016 @kecamatan_andir @dbmpkotabdg @BDGcleanaction @PR‚Ä¶
#prestise @ridwankamil @OdedMD @PemumBdg @ppidkotabandung @BandungCC2016 @kecamatan_andir @dbmpkotabdg‚Ä¶ https://t.co/bVV8pOyoce
RT @Kel_PasirBiru: 11/11/16 Giat petugas GOBER @Kel_PasirBiru.  Lokasi: Jl.AH Nasution, RW.02 & RW.10 Cc @ridwankamil @KecamatanCibiru @Pem‚Ä¶
RT @Kel_PasirBiru: 11/11/16 Giat petugas GOBER @Kel_PasirBiru.  Lokasi: Jl.AH Nasution, RW.02 & RW.10 Cc @ridwankamil @KecamatanCibiru @Pem‚Ä¶
RT @KelPalasari: Beberesih Jum'at 11-11-2016 @ridwankamil @DiskominfoBdg @PemumBdg @KecamatanCibiru @AyiNews2 @BDGcleanaction https://t.co/‚Ä¶
@ijabipp @ridwankamil @tjahjo_kumolo @lukmansaifuddin @zuhairimisrawi @pramonoanung https://t.co/VmKSgpLnCs
RT @Kec_Astanaanyar: Peninjauan jl.pagarsih @ridwankamil @PemumBdg @DiskominfoBdg @dbmpkotabdg https://t.co/wEWb8gBqjP
@DiskominfoBdg @ridwankamil Saya harap PDAM bisa mendukung warga yg mengolah airhujan utk meningkatkan ketersediaan air bersih n air minum
RT @LurahRanum: @ridwankamil @AaiikH  Lurah Ranum @Boedhi1965 jelaskan pd KompasTV wargaRancanumpang kelola sampah dgn biodigister hasilkan‚Ä¶
RT @Boedhi1965: Selamat beraktivitas di hari libur... jgn lupa kemanapun melangkah dibawa tumblernya...@ridwankamil @hendrotalenta @hansuma‚Ä¶
RT @myTrip_myAdvntr: Besok nih, guys! Ikutan seminar ini, yuk! Nanti ada walikota Bandung, Bapak @ridwankamil, host‚Ä¶ https://t.co/2DEFknFqIP
Selamat beraktivitas di hari libur... jgn lupa kemanapun melangkah dibawa tumblernya...@ridwankamil @hendrotalenta‚Ä¶ https://t.co/ivvR2rnnNP
RT @KelSarijadi: @ridwankamil Giat tim Gober bebersih sampah di jl sari asih, jl sarirasa, jl sarijadi raya dan pengerukan saluran air di j‚Ä¶
RT @kel_cihapit: giat bebersih @kel_cihapit @Bdgwetan Rabu 02-11-2016, @ridwankamil @PemumBdg @OdedMD @DiskominfoBdg @yossiirianto @HERLANI‚Ä¶
RT @Kel_grd: giat bebersih tim Gober Kel.garuda di sluruh wilayah Kel.garuda, Selasa 01.11.2016 Cc @ridwankamil @PemumBdg https://t.co/WabZ‚Ä¶
RT @LurahRanum: @ridwankamil @bsukardi 67 Giat rutin Tim Bebersih Rancanumpang dlm penataan K-3 di wilayah Kelurahan... https://t.co/PYjyJX‚Ä¶
RT @kelneglasari: Senin, 31 Okt 2016 Giat Pasgober bebersih selokan dan trotoar di Jl Pahlawan (Jalur 3) @ridwankamil @PemumBdg @Diskominfo‚Ä¶
RT @Kel_BabakanSari: Giat Gober Bebersih saluran air, jalan, rumput liar @ridwankamil @Kec_Kircon @dbmpkotabdg @PemumBdg @DiskominfoBdg @pd‚Ä¶
RT @kodim0618bs: Dnramil1801/Astar Pimpin karbak  Sungai Citepus utk mengatasi Banjir @tni_ad @sekitarbdg_ @ridwankamil @vitriaratih https:‚Ä¶
@ridwankamil @PemumBdg @rancasari_OK @KimCipamokolan ; Siramah Rohani/ Pembinaan Aparatur https://t.co/v4uRcxOvr4
RT @kelsukagalih: Beberesih bersama rutin warga RT 4 RW 4 Sukagalih kelompok GEBOY ( gerakan Beberesih OK ) @ridwankamil @PemumBdg @PKK_Kot‚Ä¶
RT @kelsukagalih: Beberesih bersama rutin warga RT 7 RW 2 Kel sukagalih @ridwankamil @PemumBdg @DiskominfoBdg @PKK_KotaBDG @Kec_Sukajadi ht‚Ä¶
RT @kelsukagalih: Perbaikan kirmir sungai cianting Jl bbk jeruk 3 sukagalij @ridwankamil @PemumBdg @dbmpkotabdg @DiskominfoBdg @Kec_Sukajad‚Ä¶
RT @ridwankamil: Alhamdulilllah, dibawah koordinasi Propinsi akhirnya terbentuk lembaga koordinasi penanganan Banjir untuk 5 kota/kab di ce‚Ä¶
RT @ridwankamil: sudah dimulai. sesuai jadwal. untuk mengurangi banjir gedebage dan membantu kinerja tol air. https://t.co/DV411RRVas
@DisdukcapilBdg @ridwankamil aslkm, punten nyungkeun solusina, teu acan aya waleran wae kangge no antrian. Nuhun https://t.co/qPYLPH3UjX
RT @Kel_BabakanSari: Giat Gober Bebersih saluran air, jalan, rumput liar @ridwankamil @Kec_Kircon @dbmpkotabdg @PemumBdg @DiskominfoBdg @pd‚Ä¶
RT @kelneglasari: Senin, 31 Okt 2016 Giat Pasgober bebersih selokan dan trotoar di Jl Pahlawan (Jalur 3) @ridwankamil @PemumBdg @Diskominfo‚Ä¶
RT @LurahRanum: @ridwankamil @bsukardi 67 Giat rutin Tim Bebersih Rancanumpang dlm penataan K-3 di wilayah Kelurahan... https://t.co/PYjyJX‚Ä¶
RT @Kel_grd: giat bebersih tim Gober Kel.garuda di sluruh wilayah Kel.garuda, Selasa 01.11.2016 Cc @ridwankamil @PemumBdg https://t.co/WabZ‚Ä¶
RT @kel_cihapit: giat bebersih @kel_cihapit @Bdgwetan Rabu 02-11-2016, @ridwankamil @PemumBdg @OdedMD @DiskominfoBdg @yossiirianto @HERLANI‚Ä¶
RT @KelSarijadi: @ridwankamil Giat tim Gober bebersih sampah di jl sari asih, jl sarirasa, jl sarijadi raya dan pengerukan saluran air di j‚Ä¶
RT @Kel_BabakanSari: Giat Gober Bebersih saluran air,jalan &rumput @ridwankamil @Kec_Kircon @dbmpkotabdg @PemumBdg @DiskominfoBdg @pdkebers‚Ä¶
RT @kelneglasari: Rabu, 02 November 2016 Giat pasgober bebersih trotoar di Jalan PHH Mustofa @ridwankamil @DiskominfoBdg @PemumBdg @OdedMD‚Ä¶
Dapet jadwal lagi jadi > 60 hari kang?  Ada denda & berkas tambahan? Nuhun @DisdukcapilBdg @ridwankamil https://t.co/Wz4gJpfc3p
RT @kelcsrmaju130: Giat beberesih Gober Rebo, 09 November 2016, @ridwankamil @PemumBdg @dbmpkotabdg @KecamatanCibiru @SutaryadiYaya https:/‚Ä¶
RT @TimRanum: @ridwankamil @yossiirianto @bsukardi67 @dbmpkotabdg  "Terlanjur basah...ya sdh "ngajebur" sekalian...  beberesih kali cisalat‚Ä¶
RT @kodim0618bs: Dnramil1801/Astar Pimpin karbak  Sungai Citepus utk mengatasi Banjir @tni_ad @sekitarbdg_ @ridwankamil @vitriaratih https:‚Ä¶
RT @BdgKidul: @ridwankamil @MentionRidwanK @OdedMD @yossiirianto @DiskominfoBdg @PemumBdg @GPSbdg @dbmpkotabdg https://t.co/dXZpbFtXzk
RT @BdgKidul: @ridwankamil @MentionRidwanK @OdedMD @yossiirianto @DiskominfoBdg @PemumBdg @GPSbdg @dbmpkotabdg https://t.co/dz1pf07u4F
RT @ridwankamil: Peluncuran Edubox Smart School (internet lokal). Tdk bisa bolos/mabal atau nyontek lagi. Tdk usah beli buku mahal lg. 1/2‚Ä¶
RT @kodim0618bs: Dnramil1801/Astar Pimpin karbak  Sungai Citepus utk mengatasi Banjir @tni_ad @sekitarbdg_ @ridwankamil @vitriaratih https:‚Ä¶
RT @kelsukagalih: Perbaikan kirmir sungai cianting Jl bbk jeruk 3 sukagalij @ridwankamil @PemumBdg @dbmpkotabdg @DiskominfoBdg @Kec_Sukajad‚Ä¶
RT @kelsukagalih: Perbaikan kirmir sungai cianting Jl bbk jeruk 3 sukagalij @ridwankamil @PemumBdg @dbmpkotabdg @DiskominfoBdg @Kec_Sukajad‚Ä¶
RT @Kel_BabakanSari: Giat Gober bebersih saluran air @ridwankamil @Kec_Kircon @dbmpkotabdg @PemumBdg @BandungCC2016 @pdkebersihanbdg @Disko‚Ä¶
RT @Kel_Sukabungah: Pasukan gps sdn sukagalih timur nu kasep&geulis @ridwankamil @PemumBdg @BDGcleanaction @GPSbdg @bplh_kotabdg @Kec_Sukaj‚Ä¶
@ridwankamil @PemumBdg @Ujungberung_Kec Cmat uber jumling di Rw 11 Kel,Psnggrahan https://t.co/p7jPeg0T39
@ridwankamil @PemumBdg @bsukardi67 https://t.co/QQIHARcSfn
Ibu ketua RT 6 RW 5 Kel sikagalih bersama warganya berkebun di pinggir jalan cipedes tengah @ridwankamil @PemumBdg‚Ä¶ https://t.co/LKZ97xG9Q3
Beberesih bersama rutin warga RT 7 RW 2 Kel sukagalih @ridwankamil @PemumBdg @DiskominfoBdg @PKK_KotaBDG‚Ä¶ https://t.co/DfveIUjvoK
Beberesih bersama rutin warga RT 4 RW 4 Sukagalih kelompok GEBOY ( gerakan Beberesih OK ) @ridwankamil @PemumBdg‚Ä¶ https://t.co/eCsqmpfLLp
Tulisan caknun ini https://t.co/LhHWdX4UbH perlu direnungi @jokowi @Pak_JK @titokarna @DivHumasPolri @fadlizon @ridwankamil @Kemdikbud_RI
@KelSukamaju @ridwankamil @OdedMD @PemumBdg @DiskominfoBdg @Satpolppbdg @Dinsos_BDG @GPSbdg @kec_cibkidul keren.
RT @Satpolppbdg: Pembongkaran bangli di jl. Babakan jeruk Pasteur dipinggir bantaran kali (11/11/16) @ridwankamil @OdedMD @yossiirianto @Di‚Ä¶
RT @Kel_PasirBiru: 11/11/16 Monitoring petugas gober di Taman Batas kota dan Jl.AH Nasution.  Cc @ridwankamil @KecamatanCibiru @PemumBdg ht‚Ä¶
RT @rosihan_fahmi: Layanan serempak @rindumenantii  halte bkr smpn 10. @dishub_kotabdg @BDGcleanaction @ridwankamil @DiskominfoBdg https://‚Ä¶
RT @rosihan_fahmi: @rindumenantii layanan serempak halte sman 13 @dishub_kotabdg @BDGcleanaction @DiskominfoBdg @ridwankamil https://t.co/K‚Ä¶
RT @ridwankamil: Alhamdulilllah, dibawah koordinasi Propinsi akhirnya terbentuk lembaga koordinasi penanganan Banjir untuk 5 kota/kab di ce‚Ä¶
RT @rosihan_fahmi: Layanan serempak @rindumenantii di angkot stop jl riau. @dishub_kotabdg @BDGcleanaction @DiskominfoBdg @ridwankamil http‚Ä¶
Garuda di dadaku @Bandung_Dinkes @DiskominfoBdg @ridwankamil https://t.co/9nTcTIgZ8x
RT @kelsukagalih: Perbaikan kirmir sungai cianting Jl bbk jeruk 3 sukagalij @ridwankamil @PemumBdg @dbmpkotabdg @DiskominfoBdg @Kec_Sukajad‚Ä¶
Perbaikan kirmir sungai cianting Jl bbk jeruk 3 sukagalij @ridwankamil @PemumBdg @dbmpkotabdg @DiskominfoBdg‚Ä¶ https://t.co/oTATwKETv2
Pembongkaran jembatan penyeberangan yg menghalangi arus air sungai cianting Jl bbk jeruk 3 sukagalih @ridwankamil‚Ä¶ https://t.co/3ao6xaRYP6
Pembongkaran bangunan liar di pinggir sungai cianting Jl bbk jeruk 3 sukagalih @ridwankamil @PemumBdg‚Ä¶ https://t.co/CSEC6P9R4f
@Desa_Saguling min benar waduk saguling jebol @ridwankamil @infocmh ?
Rapat bersama para ketua RW dan penyedia barang dan jasa Kel sukagalih @ridwankamil @PemumBdg @DiskominfoBdg‚Ä¶ https://t.co/ISIMF9EfSU
RT @ridwankamil: Pembongkaran oleh pemkot akses2 ke rumah/gedung yang menyempitkan jalur air yang menyumbang pada banjir pasteur. https://t‚Ä¶
@bacuyraditia @ridwankamil @DiskominfoBdg @PemumBdg @dbmpkotabdg @Kec_Sukajadi bukan sentimen tapi sedimen
RT @veriantrifqi: Pak @ridwankamil naha di bandung janten seueur begal? tos seueur korbana, abdi mahasiswa sok uih sonten jadi hariwang.
Hijau kan dengan hutan beton yg tak terkontrol di kawasan lembang adalah penyebab utama banjir bandung @ridwankamil https://t.co/na3Ku2hqxw
RT @Satpolppbdg: Penertiban PKL di sekitar Jl. Ahmad Yani Kosambi (11/11/16) @ridwankamil @OdedMD @yossiirianto @DiskominfoBdg @ppidkotaban‚Ä¶
@Bandung_Dinkes @ridwankamil @KemenkesRI https://t.co/kGxTw4ajJG
@Kel_Nyengsret @ridwankamil @OdedMD @yossiirianto @DiskominfoBdg @Erni0869 sawangsulna
RT @Ucupyangselalu1: @ridwankamil  @dbmpkotabdg  @hero_bandung  @PRFMnews  @er_yayat  @infobandung  Nembe beres kolam sudah bersih Team cik‚Ä¶
RT @innenuraini_g: @ridwankamil @OdedMD @yossiirianto @DiskominfoBdg @PemumBdg @dbmpkotabdg kerjabhakti di S. cikapundung Kujangsari https:‚Ä¶
RT @TimRanum: @ridwankamil @yossiirianto @bsukardi67 @dbmpkotabdg  "Terlanjur basah...ya sdh "ngajebur" sekalian...  beberesih kali cisalat‚Ä¶
RT @innenuraini_g: @ridwankamil @DiskominfoBdg @PemumBdg @Dinsos_BDG @ataliakamil mskan bareng dg penyanandang disabilitas Autis di Rw3 htt‚Ä¶
RT @Gilang_Mahesa: Informasi utk masyarakat di sekitar bantaran sungai Citarum - cc @Deddy_Mizwar_ @DediMulyadi71 @Kang_DN1 @ridwankamil @S‚Ä¶
RT @Anugraheka08: Dari Jepang untuk Bandung Tercinta_Bandung Juara @Bandung_Dinkes @ridwankamil @DiskominfoBdg @BdgUks https://t.co/PxPZZet‚Ä¶
RT @pdkebersihanbdg: Dirut @denurha_pdk presentasi BUMD Award di Grand Mercure Jakarta cc: @ridwankamil https://t.co/aZbHVUQccN
@ridwankamil @OdedMD @PemumBdg @DiskominfoBdg @kec_mandalajati Giat Silaturahmi dengan Ketua RW 02 Karang Pamulang https://t.co/WSgc2IG0t3
RT @ridwankamil: Renungan saya utk para pemimpin/calon pemimpin di era hari ini: Memimpin di Era Milenial Digital https://t.co/Pu0QdYqIjE
RT @din_bachdim: Pas Gober gabungan bersama KORAMIL Kerja Bakti di Wil RW 03 @ridwankamil @OdedMD @bplh_kotabdg @dbmpkotabdg @PemumBdg @kec‚Ä¶
RT @din_bachdim: Larangan Membuang sampah ke Cikapundung dan Giat Beberesih @ridwankamil @OdedMD @yossiirianto @PemumBdg @bplh_kotabdg @kec‚Ä¶
@ridwankamil @OdedMD @PemumBdg @DiskominfoBdg @kec_mandalajati Giat beberes Jl. Dungus Maung dan Jl. A.H. Nasution https://t.co/4hBMKHkDqD
RT @Satpolppbdg: Penertiban pkl & jukir yg bandel di jl. Riau samping rs. Sariningsih hr ini (11/11/16) @ridwankamil @OdedMD @yossiirianto‚Ä¶
@bacun_hakim : " Intinya ingin menghibur seluruh rakyat Indonesia dan difollow @ridwankamil " ,‚Ä¶ https://t.co/3rA8ULa9Qy
RT @LurahRanum: @ridwankamil @OdedMD @yossiirianto @bsukardi67 @danamon LurahRanum PeduliLingkungan melalui TanamPohon, perbanyak Biopori,G‚Ä¶
@dbmpkotabdg @ridwankamil @OdedMD @yossiirianto @DiskominfoBdg @Erni0869 mantap kerja nyata tanpa henti. Sepakat Pak. Nuhun
RT @dbmpkotabdg: @ridwankamil @OdedMD @yossiirianto @DiskominfoBdg 11/11 Pasukan Jurig Cai, pemeliharaan saluran Cinambo Lama, Gedebage jl‚Ä¶
RT @Ucupyangselalu1: @ridwankamil  @dbmpkotabdg  @hero_bandung  @PRFMnews  @er_yayat  @infobandung  Nembe beres kolam sudah bersih Team cik‚Ä¶
@ridwankamil  @dbmpkotabdg  @hero_bandung  @PRFMnews  @er_yayat  @infobandung  Nembe beres kolam sudah bersih Team‚Ä¶ https://t.co/QjVLLTunem
@pdamtirtawening @ridwankamil Selamat dirut baru, Jangkaulah daerah kami *bumiasri gempol bankul, jd pihak pengelola air swasta tdk semena2
RT @dbmpkotabdg: @ridwankamil @OdedMD @yossiirianto @DiskominfoBdg 11/11 Pasukan Jurig Cai, perbaikan kirmir saluran jl Babakan Jeruk 3 htt‚Ä¶
RT @dbmpkotabdg: @ridwankamil @OdedMD @yossiirianto @DiskominfoBdg 11/11 Pasukan Jurig Cai, pemeliharaan saluran seberang hotel Lingga jl S‚Ä¶
RT @dbmpkotabdg: @ridwankamil @OdedMD @yossiirianto @DiskominfoBdg 11/11 Pasukan Jurig Cai, pemeliharaan saluran Cianting @HuseinSN @kec_ci‚Ä¶
RT @tweet_AMS: Malam Tasyakur #50TahunAMS Distrik Kota Bandung di aula sekretariat jenderal AMS, jalan Braga. (9/10)   @ridwankamil @sekita‚Ä¶
RT @tweet_AMS: @aheryawan @ridwankamil @DediMulyadi71 @denda_ams @RullyAlfiady @asep_andriana @MAHENDRA_GNW @dfajariskandar   https://t.co/‚Ä¶
RT @batak_darah: @ridwankamil @elfizal Bukan'nya kang Emil prnah "Disekolahin" PDIP ya ? Sudah jangan bermain "Drama", ikut apa kata "Mama"‚Ä¶
RT @ridwankamil: makanya tipe kamu pindah negara aja. karena negeri ini kesepakatannya adalah demokrasi. nuhun. https://t.co/JaqgRIfJJr
@De8ira @ridwankamil mungkin maksudnya 'walikota' karena gubernur Jabar masih dijabat @aheryawan
Monitoring Roadshow LPM dan FGD BKM di RW. 05 Kel. Gegerkalong @ridwankamil @PemumBdg @DiskominfoBdg https://t.co/9MQImbmmv2
@ridwankamil @OdedMD @yossiirianto @DiskominfoBdg @PemumBdg mapay lembur bersama Tim KCIC Ke wil Rw di Kujangsari https://t.co/ffo6tKXRlU
@ridwankamil @ata_lia @DiskominfoBdg @PemumBdg makan bareng dirumah pra ks kel penyandang disabilitas Rw 3 kujngsari https://t.co/n79XHEG5vj
@ridwankamil @DiskominfoBdg @PemumBdg @Dinsos_BDG @ataliakamil mskan bareng dg penyanandang disabilitas Autis di Rw3 https://t.co/yAlZ91Nsik
RT @ridwankamil: di Bandung p=v=f https://t.co/4wVNrHTbru
@luqmankelana @okezonenews @ridwankamil trus wadahnya apaan gan?
RT @Satpolppbdg: Pembongkaran bangli di jl. Babakan jeruk Pasteur dipinggir bantaran kali (11/11/16) @ridwankamil @OdedMD @yossiirianto @Di‚Ä¶
Asalamualaikum kang @ridwankamil Bandung kok belakangan semakin tidak aman ya ?, terutama geng motor ?
Smga lahan ini dikelola pemkot agar bs dipakai utk parkir baksil dll dan uangnya tdk lari ke preman @ridwankamil  https://t.co/ahuDxXBhI5
Kang @ridwankamil nuhun pisaann udah nonton @KahitnaFull tadi.... üôèüèºüôèüèºüôèüèº @ Atmosphere Resort Cafe https://t.co/Haxy02PmCm
@OptimisPositif @adzie_racka @indrawan_x @kompascom @DediMulyadi71 meningan @ridwankamil atuh, jau kaman-mana
RT @mothieehartob: @ridwankamil @itbofficial @KM_ITB @ganecapos jalan sudah rusak, apa tidak sebaiknya diperbaiki ? #SABUGAITB https://t.co‚Ä¶
RT @TatangAmang: @YayatKuy @Kec_Cidadap @ridwankamil @Satpolppbdg @reporterbdg alhamdulillah tadi tanggal 11 november sudah diliat tim tran‚Ä¶
RT @Satpolppbdg: Penertiban PKL di sekitar Jl. Ahmad Yani Kosambi (11/11/16) @ridwankamil @OdedMD @yossiirianto @DiskominfoBdg @ppidkotaban‚Ä¶
RT @KelSukamaju: @ridwankamil @OdedMD @PemumBdg @DiskominfoBdg @Satpolppbdg @GBDisiplin @kec_cibkidul Jumat Malam 11-11-2015 Waktunya https‚Ä¶
@ridwankamil @OdedMD @PemumBdg @DiskominfoBdg @Satpolppbdg @GBDisiplin @kec_cibkidul Jumat Malam 11-11-2015 Waktunya https://t.co/d1GHUEE1NB
Inilah saat yg paling ditunggu2, wefie bareng @KahitnaFull dgn kang @ridwankamil, Walikota Bdg‚Ä¶ https://t.co/4E5zSuKQWM
RT @GiskaAP: To honorable Mr. @ridwankamil here I send my email if u dont mind : ((giska.anugrahp@gmail.com)) https://t.co/TcIshyOM7H
RT @YogyakartaCrew: Hayu @maung_tempur @bobotohfm @farhanpenyiar @yanabool @ridwankamil @officialvpc https://t.co/BhfgoiYBcG
RT @ridwankamil: Alhamdulilllah, dibawah koordinasi Propinsi akhirnya terbentuk lembaga koordinasi penanganan Banjir untuk 5 kota/kab di ce‚Ä¶
Alhamdulillah... (with Itang and januar at @pemkotbandung) ‚Äî https://t.co/cIRE8ZsXEi
@ridwankamil @TheREAL_Abi sy jg sama hahahaha üòÇüòÇüòÇ
Senangnya mlm ini, bisa ngajak kang @ridwankamil yg punya Bdg utk naik ke stage bareng‚Ä¶ https://t.co/kHRuy1mIPt
@ridwankamil @PTPERTAMINA @PRFMnews  @HUMASDPRD @DPR_RI @Deddy_Mizwar_  stp drh gas 3kg habis, kalau pun ada harga nya RP.30rb #InfoBandung
@YayatKuy @Kec_Cidadap @ridwankamil @Satpolppbdg @reporterbdg alhamdulillah tadi tanggal 11 november sudah diliat tim trantib
@ridwankamil di daerah lain, panti pijat esek-esek malah bertebaran dekat pemda. pemerintahnya entah membiarkan apa ikut menikmati
saya salut pada bapak @ridwankamil yang mau dan terjun terus dalam membersihkan kotanya bersama satpol PP dari temoat pijat esek-esek
@kelurahan_maleer @ridwankamil @odedmd @yossiirianto @pemumBdg @DiskominfoBdg @distarcipBdg @kecamatan_batunuggal https://t.co/YERuFTBMdT
@endahbidan2005 @pkm_babakansari @Bandung_Dinkes @ridwankamil di kaskus kalo dicari mudah untuk menemukan tempat protistusi terselubung.stop
RT @Gilang_Mahesa: Informasi utk masyarakat di sekitar bantaran sungai Citarum - cc @Deddy_Mizwar_ @DediMulyadi71 @Kang_DN1 @ridwankamil @S‚Ä¶
RT @LinmasRanum: @ridwankamil @OdedMD @yossiirianto @dbmpkotabdg @bsukardi67 @DiskominfoBdg cuaca hujan anggota LinmasRanum pantau debit ai‚Ä¶
RT @TimRanum: @ridwankamil @yossiirianto @bsukardi67 @dbmpkotabdg  "Terlanjur basah...ya sdh "ngajebur" sekalian...  beberesih kali cisalat‚Ä¶
RT @StevanyDevi: Ratusan Kiai Khos Hadiri Silatnas Ulama Rakyat. #Silatnasulamarakyat  @ridwankamil @krisnamukti17 @AliMasykurMusa @marwan_‚Ä¶
@kelurahan_maleer @ridwankamil @odedmd @yossiirianto @pemumBdg @DiskominfoBdg @kecamatan_batunuggal https://t.co/zJ8wsxhcGx
RT @FatihSeferagic: Excited to announce my upcoming event in Bandung üáÆüá©on 12th November alongside the esteem @ridwankamil (Mayor Of Bandung‚Ä¶
RT @ridwankamil: Alhamdulilllah, dibawah koordinasi Propinsi akhirnya terbentuk lembaga koordinasi penanganan Banjir untuk 5 kota/kab di ce‚Ä¶
RT @ridwankamil: Inspeksi kantor/workshop Jabil/UTC Aerospace yg investasi 2 Trilyun ut Hi-tech Aerospace Business di sisi utara Bandung Te‚Ä¶
RT @ridwankamil: Jabil/UTC Aerospace ini membutuhkan staf insinyur dan teknisi sd 1000 orang utk produksi ke pasar dunia. Silakan siap2 mel‚Ä¶
RT @denurha_pdk: Alhamdulilah grand final, 5 besar Best Perfomance excelent BUMD Award, selangkah lagi menuju juara @ridwankamil @pdkebersi‚Ä¶
@ridwankamil TOLONG! pak ada sepupu suami saya dipukulin 4 motor di daerah lengkong-buhbat. Kondisi sgt memprihatinkan. Ditolak smw RSU. :(
mentang2 malem ga ada polisi jd seenaknya, lokasi: per3an cicaheum @infobdg @infobandung @PRFMnews @ridwankamil https://t.co/cYJtIjvGuA
RT @ridwankamil: Tantangan memimpin di hari ini. https://t.co/08eXPJ4HZp
RT @HARRIS_ciumbu: Holaa... Dont forget to smile today :)  Nuhun pak @ridwankamil https://t.co/wuzvXPePTA
RT @De8ira: Yeeeaaay Akhirnya nonton KAHITNA jg.. Ada kang emil @ridwankamil n kel. ikut nonton.. Thankyou sll tahu apa yg kumau https://t.‚Ä¶
Yuuuk akh Kita Meraapat Warga Bandung (Besok) , tgl 12 November 2016 di Alun ¬≤ Bandung.. Ada kang @ridwankamil jg :) https://t.co/NZ5fj1MB8q
RT @ridwankamil: Pembongkaran oleh pemkot akses2 ke rumah/gedung yang menyempitkan jalur air yang menyumbang pada banjir pasteur. https://t‚Ä¶
RT @pramudina: kang emil, bandung meni macet gini hayati lelah.. @ridwankamil
RMOLJABAR - Pemkab Bandung Tak Serius Tangani Banjir https://t.co/RC3Ky6whbR lewat @sharethis @ridwankamil
RT @pramudina: kang emil, bandung meni macet gini hayati lelah.. @ridwankamil
@ridwankamil GBD kec.sukajadi mendapatkan bantuan megaphone dari @dishub_kotabdg utk pergerakan #disiplinSukajadi https://t.co/KaPZHlx5cn
@ridwankamil @DiskominfoBdg @PemumBdg @RESTABES_BDG pisah sambut Kapolsek Bdg Kidul https://t.co/TgJDw956no
@ridwankamil @DiskominfoBdg @PemumBdg @distarcipBDG monit btn pemb sarana air bersih dari Distarcip utk warga Rw 05 https://t.co/ho9M9NfPLu
Satwa Langka Dijual Di Pasar Sukahaji, Aktivis: Kang Emil Jangan Diam<i>!</i> https://t.co/UwwdYsWUoU @ridwankamil @SitiNurbayaLHK
@dadan_permanaDP @ridwankamil @BDGecotransport @dishub_kotabdg siapa lg klo bkn kita... demi kota bandung tercinta
RT @Satpolppbdg: Penertiban PKL di sekitar Jl. Ahmad Yani Kosambi (11/11/16) @ridwankamil @OdedMD @yossiirianto @DiskominfoBdg @ppidkotaban‚Ä¶
RT @Satpolppbdg: Penertiban pkl & jukir yg bandel di jl. Riau samping rs. Sariningsih hr ini (11/11/16) @ridwankamil @OdedMD @yossiirianto‚Ä¶
RT @Satpolppbdg: Pembongkaran bangli di jl. Babakan jeruk Pasteur dipinggir bantaran kali (11/11/16) @ridwankamil @OdedMD @yossiirianto @Di‚Ä¶
RT @Satpolppbdg: Penertiban pedagang di sepanjang Jl. Diponegoro hr ini (11/11/16) @ridwankamil @OdedMD @yossiirianto @DiskominfoBdg https:‚Ä¶
Yeeeaaay Akhirnya nonton KAHITNA jg.. Ada kang emil @ridwankamil n kel. ikut nonton.. Thankyou sll tahu apa yg kumau https://t.co/wfcoTpWzev
@ridwankamil Pa program maghrib mengaji masih jalankan pa?
RT @ridwankamil: makanya tipe kamu pindah negara aja. karena negeri ini kesepakatannya adalah demokrasi. nuhun. https://t.co/JaqgRIfJJr
@ridwankamil pak apa bener di bandung lgi ad promo bikin sim c gratis? Sama perpanjang pajak motor gratis?mohon di waler nya @ridwankamil
@ridwankamil @OdedMD @yossiirianto @DiskominfoBdg @PemumBdg mapay lembur di Rw 03 Kujangsari bersama camat Bdg Kdl https://t.co/am4QE3Ahq7
RT @ridwankamil: Alhamdulilllah, dibawah koordinasi Propinsi akhirnya terbentuk lembaga koordinasi penanganan Banjir untuk 5 kota/kab di ce‚Ä¶
@ridwankamil @OdedMD @yossiirianto @DiskominfoBdg @PemumBdg @BdgKesra Jumling bersama Camat Bdg Kidul di Kujngsari https://t.co/q1fIkOn7QW
@ridwankamil tumben ga pencitraan sob
@ridwankamil @OdedMD @yossiirianto @DiskominfoBdg @PemumBdg @dbmpkotabdg kerjabhakti di S. cikapundung Kujangsari https://t.co/sNRgc3juY7
P: (BBM) ai papa foto bareng pak @ridwankamil (ngirim foto) A: Itukan patuuung -,- P: yang pentingkan foto bareng :D https://t.co/OSWVLG3PrA
@ChikaCikhaka @jokowi @ridwankamil üòáüòá
@ridwankamil @OdedMD @yossiirianto @DiskominfoBdg @PemumBdg @Satpolppbdg kerjabhakti masal di Jl Adhyaksa Kujangsari https://t.co/2VbozpzHVr
@ridwankamil terus setelah itu bagaimana...
RT @Gilang_Mahesa: Informasi utk masyarakat di sekitar bantaran sungai Citarum - cc @Deddy_Mizwar_ @DediMulyadi71 @Kang_DN1 @ridwankamil @S‚Ä¶
RT @ridwankamil: Jabil/UTC Aerospace ini membutuhkan staf insinyur dan teknisi sd 1000 orang utk produksi ke pasar dunia. Silakan siap2 mel‚Ä¶
RT @afriadiajo: Katanya @ridwankamil hebat. Tp sptnya hanya pd masa Ridwan Kamil Pasteur&Pagarsih dilanda banjir hebat. Colek @DediMulyadi71
@ridwankamil Kapan ada program bantuan modal usaha buat orang "sangat miskin" di Bandung Pak.
RT @ridwankamil: Pembongkaran oleh pemkot akses2 ke rumah/gedung yang menyempitkan jalur air yang menyumbang pada banjir pasteur. https://t‚Ä¶
RT @Gilang_Mahesa: Informasi utk masyarakat di sekitar bantaran sungai Citarum - cc @Deddy_Mizwar_ @DediMulyadi71 @Kang_DN1 @ridwankamil @S‚Ä¶
@Satpolppbdg @ridwankamil @OdedMD @yossiirianto @DiskominfoBdg, stiap mlm selalu ada mbl yg jualan (mustahil buat diteribkan/diberantas)
@C_lontong  @Caknun_emha @aagym @aamamiruddin @ridwankamil @dewisandra @pandji https://t.co/l6GkwFFeTu
@Abah_Sansan_72 @ridwankamil @BDGecotransport @dishub_kotabdg mantap Pak....sudah ikut mensukseskan program pemerintah...keren pisan lah üëçüëçüëç
Mohon retwitt Gub Jabar @aheryawan Wagub @Deddy_Mizwar_ @bplhdjabar @PRFMnews walikota Bdg @ridwankamil drum resapa‚Ä¶ https://t.co/GOU7hoiSFB
@diskamtam @ridwankamil @RESTABES_BDG hukum mati jika tertangkap premannya,Tuman!!!
@diskamtam @ridwankamil @RESTABES_BDG astaghfirulloohal'adziim.... PHL itu apa?
RT @denurha_pdk: Alhamdulilah grand final, 5 besar Best Perfomance excelent BUMD Award, selangkah lagi menuju juara @ridwankamil @pdkebersi‚Ä¶
11/11 Harapan PaWali @ridwankamil bagi DIRUM & DIRAL @pdamtirtawening  *Berintegritas, Prioritas Melayani, dan Prof‚Ä¶ https://t.co/Da6ijpySBK
To honorable Mr. @ridwankamil here I send my email if u dont mind : ((giska.anugrahp@gmail.com)) https://t.co/TcIshyOM7H
RT @kokokosasih: @PRFMnews @ridwankamil @infobdg https://t.co/ar0yIjkcXs
RT @dbmpkotabdg: @ridwankamil @OdedMD @yossiirianto @DiskominfoBdg 11/11 Pasukan Jurig Cai, pemeliharaan saluran Cianting @HuseinSN @kec_ci‚Ä¶
RT @dbmpkotabdg: @ridwankamil @OdedMD @yossiirianto @DiskominfoBdg 11/11 Pasukan Jurig Cai, pemeliharaan saluran seberang hotel Lingga jl S‚Ä¶
RT @BdgMengaji: 11/11 #Magribmengaji Masjid al-hidayah rw.2 @KelMaleber @kecamatan_andir  @ridwankamil @BdgKesra @PemumBdg @ata_lia @PKK_Ko‚Ä¶
RT @dbmpkotabdg: @ridwankamil @OdedMD @yossiirianto @DiskominfoBdg 11/11 Pasukan Jurig Cai, perbaikan kirmir saluran jl Babakan Jeruk 3 htt‚Ä¶
RT @Gilang_Mahesa: Informasi utk masyarakat di sekitar bantaran sungai Citarum - cc @Deddy_Mizwar_ @DediMulyadi71 @Kang_DN1 @ridwankamil @S‚Ä¶
11/11 #Magribmengaji Masjid al-hidayah rw.2 @KelMaleber @kecamatan_andir  @ridwankamil @BdgKesra @PemumBdg @ata_lia‚Ä¶ https://t.co/UuXr6n4Iba
RT @kel_ciroyom: #latepost Cc @ridwankamil @PemumBdg @BdgMengaji @DiskominfoBdg @kecamatan_andir @nofidiekaputera @endangparken https://t.c‚Ä¶
RT @Gilang_Mahesa: Informasi utk masyarakat di sekitar bantaran sungai Citarum - cc @Deddy_Mizwar_ @DediMulyadi71 @Kang_DN1 @ridwankamil @S‚Ä¶
@ridwankamil @yossiirianto @bsukardi67 @dbmpkotabdg  "Terlanjur basah...ya sdh "ngajebur" sekalian...  beberesih ka‚Ä¶ https://t.co/a6APVLjUaq
@handyani1202 @ridwankamil iya, pa wali, kira2 kapan beres nya yah? Ga kelar2 aja..
RT @ridwankamil: Alhamdulilllah, dibawah koordinasi Propinsi akhirnya terbentuk lembaga koordinasi penanganan Banjir untuk 5 kota/kab di ce‚Ä¶
RT @ridwankamil: "Leadership is being positive in negative situation" - Ralph Marston. Selamat malam. Selamat beristirahat.
RT @ridwankamil: Selamat malam. selamat beristirahat. jangan pernah lelah untuk mencintai Indonesia.
RT @Gilang_Mahesa: Informasi utk masyarakat di sekitar bantaran sungai Citarum - cc @Deddy_Mizwar_ @DediMulyadi71 @Kang_DN1 @ridwankamil @S‚Ä¶
@ridwankamil Ultah Partai NasDem di Bandung https://t.co/7dJUbButHo https://t.co/4UQP5U6lGG
RT @ridwankamil: Peluncuran Edubox Smart School (internet lokal). Tdk bisa bolos/mabal atau nyontek lagi. Tdk usah beli buku mahal lg. 1/2‚Ä¶
RT @ridwankamil: Pembongkaran oleh pemkot akses2 ke rumah/gedung yang menyempitkan jalur air yang menyumbang pada banjir pasteur. https://t‚Ä¶
RT @LurahRanum: Pa Luraaahhh...ini hasil GPS nya foto dulu... ungkap Murid SDN Sondariah, Jum'at 11/11/16 @ridwankamil @yossiirianto @Aaiik‚Ä¶
RT @LurahRanum: Pa Luraaahhh...ini hasil GPS nya foto dulu... ungkap Murid SDN Sondariah, Jum'at 11/11/16 @ridwankamil... https://t.co/olHp‚Ä¶
RT @LurahRanum: Pa Luraaahhh...ini hasil GPS nya foto dulu... ungkap Murid SDN Sondariah, Jum'at 11/11/16 @ridwankamil @yossiirianto @Aaiik‚Ä¶
RT @LurahRanum: Pa Luraaahhh...ini hasil GPS nya foto dulu... ungkap Murid SDN Sondariah, Jum'at 11/11/16 @ridwankamil... https://t.co/olHp‚Ä¶
RT @LurahRanum: Pa Luraaahhh...ini hasil GPS nya foto dulu... ungkap Murid SDN Sondariah, Jum'at 11/11/16 @ridwankamil @yossiirianto @Aaiik‚Ä¶
RT @LinmasRanum: @ridwankamil @OdedMD @yossiirianto @dbmpkotabdg @bsukardi67 @DiskominfoBdg cuaca hujan anggota LinmasRanum pantau debit ai‚Ä¶
RT @Satpolppbdg: Penertiban PKL di sekitar Jl. Ahmad Yani Kosambi (11/11/16) @ridwankamil @OdedMD @yossiirianto @DiskominfoBdg @ppidkotaban‚Ä¶
@ridwankamil @OdedMD @yossiirianto @dbmpkotabdg @bsukardi67 @DiskominfoBdg cuaca hujan anggota LinmasRanum pantau d‚Ä¶ https://t.co/7eIJF4YOKC
RT @mazNOT: Potensi Cuaca Ekstrim Meningkat, Masyarakat Dihimbau Waspada https://t.co/tDPQ1LTYMU @ridwankamil @infoBMKG @dbmpkotabdg @Pemum‚Ä¶
Konfirmasi terkait beredarnya surat pemberitahuan kewaspadaan sungai citarum @ridwankamil @aheryawan  https://t.co/0mYkwAa4sm
RT @diskamtam: pengeroyokan PHL @diskamtam plng menanam phn pkl.14 (11/11) olh preman diJl.IbrahimAji @ridwankamil @RESTABES_BDG https://t.‚Ä¶
Optimis tiasa, tp kira2 sungai mana nu meujeuh tiasa sapertos foto palih handap kang @ridwankamil https://t.co/YAxVaXjIwo
Penertiban PKL di sekitar Jl. Ahmad Yani Kosambi (11/11/16) @ridwankamil @OdedMD @yossiirianto @DiskominfoBdg‚Ä¶ https://t.co/PVJdLN5E8r
RT @FahruroziIshaq: Warga jakarta dan warga bandung kaga usah takut. Laskar ane siap mengamankan Jakarta. #infoJakarta cc: @ridwankamil htt‚Ä¶
RT @dbmpkotabdg: @ridwankamil @OdedMD @yossiirianto @DiskominfoBdg 11/11 Pasukan Jurig Cai, pemeliharaan saluran Cianting @HuseinSN @kec_ci‚Ä¶
RT @dbmpkotabdg: @ridwankamil @OdedMD @yossiirianto @DiskominfoBdg 11/11 Pasukan Jurig Cai, pemeliharaan saluran Cicadas @KelCikutra @kec_c‚Ä¶
RT @FahruroziIshaq: Warga jakarta dan warga bandung kaga usah takut. Laskar ane siap mengamankan Jakarta. #infoJakarta cc: @ridwankamil htt‚Ä¶
RT @dbmpkotabdg: @ridwankamil @OdedMD @yossiirianto @DiskominfoBdg 11/11 Pasukan Jurig Cai, pemeliharaan saluran seberang hotel Lingga jl S‚Ä¶
RT @dbmpkotabdg: @ridwankamil @OdedMD @yossiirianto @DiskominfoBdg 11/11 Pasukan Jurig Cai, pemeliharaan saluran Cinambo Lama, Gedebage jl‚Ä¶
RT @dbmpkotabdg: @ridwankamil @OdedMD @yossiirianto @DiskominfoBdg 11/11 Pasukan Jurig Cai, lanjutan pengerukan sendimen saluran jl Babakan‚Ä¶
RT @dbmpkotabdg: @ridwankamil @OdedMD @yossiirianto @DiskominfoBdg 11/11 Pasukan Jurig Cai, perbaikan kirmir saluran jl Babakan Jeruk 3 htt‚Ä¶
RT @mazNOT: Potensi Cuaca Ekstrim Meningkat, Masyarakat Dihimbau Waspada https://t.co/tDPQ1LTYMU @ridwankamil @infoBMKG @dbmpkotabdg @Pemum‚Ä¶
RT @Satpolppbdg: Penertiban pkl & jukir yg bandel di jl. Riau samping rs. Sariningsih hr ini (11/11/16) @ridwankamil @OdedMD @yossiirianto‚Ä¶
RT @LurahRanum: Pa Luraaahhh...ini hasil GPS nya foto dulu... ungkap Murid SDN Sondariah, Jum'at 11/11/16 @ridwankamil @yossiirianto @Aaiik‚Ä¶
Penertiban pkl & jukir yg bandel di jl. Riau samping rs. Sariningsih hr ini (11/11/16) @ridwankamil @OdedMD‚Ä¶ https://t.co/78jvxJjMTV
RT @FahruroziIshaq: Warga jakarta dan warga bandung kaga usah takut. Laskar ane siap mengamankan Jakarta. #infoJakarta cc: @ridwankamil htt‚Ä¶
@ridwankamil @TheREAL_Abi iya kang, itu disurat tetap pakai v kok, cm distatus yg pakai p, bahasa non pormalnya...
Bandung hujan teyuzzzzüåßüòπ (at @pemkotbandung) ‚Äî https://t.co/kOjaTc5CYt
RT @ridwankamil: Alhamdulilllah, dibawah koordinasi Propinsi akhirnya terbentuk lembaga koordinasi penanganan Banjir untuk 5 kota/kab di ce‚Ä¶
Penertiban pedagang di sepanjang Jl. Diponegoro hr ini (11/11/16) @ridwankamil @OdedMD @yossiirianto @DiskominfoBdg https://t.co/aFVHFdMVua
RT @Gilang_Mahesa: Informasi utk masyarakat di sekitar bantaran sungai Citarum - cc @Deddy_Mizwar_ @DediMulyadi71 @Kang_DN1 @ridwankamil @S‚Ä¶
Pembongkaran bangli di jl. Babakan jeruk Pasteur dipinggir bantaran kali (11/11/16) @ridwankamil @OdedMD‚Ä¶ https://t.co/Ep6xoGxftK
@UstadTengku @ust_arifinilham @hanafirais_YUK @yusufmansurnew @ridwankamil @TofaLemon @DPP_FPI @SuaraIslamOn
RT @Gilang_Mahesa: Informasi utk masyarakat di sekitar bantaran sungai Citarum - cc @Deddy_Mizwar_ @DediMulyadi71 @Kang_DN1 @ridwankamil @S‚Ä¶
Ini baru teladan. cc @UstadTengku @ust_arifinilham @hanafirais_YUK @yusufmansurnew @ridwankamil @TofaLemon @DPP_FPI‚Ä¶ https://t.co/ZE2dpIZHES
Pa Luraaahhh...ini hasil GPS nya foto dulu... ungkap Murid SDN Sondariah, Jum'at 11/11/16 @ridwankamil... https://t.co/olHpSCxzfM
Pa Luraaahhh...ini hasil GPS nya foto dulu... ungkap Murid SDN Sondariah, Jum'at 11/11/16 @ridwankamil‚Ä¶ https://t.co/L3qFkf8GIM
RT @DisporaBandung: Kota Bandung Meraih Juara Umum Porpemda XII 2016 di Kota Bekasi. @ridwankamil @OdedMD @DiskominfoBdg @PemkotBandung @in‚Ä¶
RT @dbmpkotabdg: @ridwankamil @OdedMD @yossiirianto @DiskominfoBdg 11/11 Pasukan Jurig Cai, pemeliharaan saluran Cicadas @KelCikutra @kec_c‚Ä¶
pa @ridwankamil tadi ka braga bade aya naon pa?
RT @Gilang_Mahesa: Informasi utk masyarakat di sekitar bantaran sungai Citarum - cc @Deddy_Mizwar_ @DediMulyadi71 @Kang_DN1 @ridwankamil @S‚Ä¶
RT @KelPalasari: Beberesih Jum'at 11-11-2016 @ridwankamil @DiskominfoBdg @PemumBdg @KecamatanCibiru @AyiNews2 @BDGcleanaction https://t.co/‚Ä¶
RT @Kel_PasirBiru: 11/11/16 Monitoring petugas gober di Taman Batas kota dan Jl.AH Nasution.  Cc @ridwankamil @KecamatanCibiru @PemumBdg ht‚Ä¶
RT @mazNOT: Potensi Cuaca Ekstrim Meningkat, Masyarakat Dihimbau Waspada https://t.co/tDPQ1LTYMU @ridwankamil @infoBMKG @dbmpkotabdg @Pemum‚Ä¶
@PRFMnews @ridwankamil @infobdg https://t.co/ar0yIjkcXs
RT @dbmpkotabdg: @ridwankamil @OdedMD @yossiirianto @DiskominfoBdg 11/11 URC PJU, perbaikan lampu PJU jl layang Kiaracondong https://t.co/B‚Ä¶
@ridwankamil @OdedMD @yossiirianto @DiskominfoBdg 11/11 URC PJU, perbaikan lampu PJU jl layang Kiaracondong https://t.co/BgdIaCOqaB
@ridwankamil @OdedMD @yossiirianto @DiskominfoBdg 11/11 URC PJU, pemasangan lampu PJL jl Pangampaan https://t.co/i0vdeUjzKG
@ridwankamil @OdedMD @yossiirianto @DiskominfoBdg 11/11 URC PJU, perbaikan lampu PJU jl Jakarta 6 https://t.co/ZJ118p0uh4
@ridwankamil @OdedMD @yossiirianto @DiskominfoBdg 11/11 URC PJU, perbaikan lampu PJU jl Kalijati 2 https://t.co/sQydIDUvva
@ridwankamil @OdedMD @yossiirianto @DiskominfoBdg 11/11 URC PJU, perbaikan lampu PJU jl Leuwipanjang https://t.co/J1DZcGOxcF
RT @ridwankamil: Utk ekstra keamanan,Polrestabes hadirkan Pos Polisi di Tamansari, Dipati Ukur, Ciumbuleuit, Ahmad Yani, Alun2, Pahlawan, S‚Ä¶
RT @ridwankamil: Pembongkaran oleh pemkot akses2 ke rumah/gedung yang menyempitkan jalur air yang menyumbang pada banjir pasteur. https://t‚Ä¶
RT @Gilang_Mahesa: Informasi utk masyarakat di sekitar bantaran sungai Citarum - cc @Deddy_Mizwar_ @DediMulyadi71 @Kang_DN1 @ridwankamil @S‚Ä¶
@ridwankamil @OdedMD @yossiirianto @DiskominfoBdg 11/11 URC Bojonagara, lanjutan pemasangan gravel & dinding salura‚Ä¶ https://t.co/qSoqsgax8b
RT @relawan_bdg: Ini yg dilakukan Kang @ridwankamil utk mengatasi banjir Pagarsih. https://t.co/jsJT5QqRdg
@ridwankamil @OdedMD @yossiirianto @DiskominfoBdg 11/11 URC Bojonagara, lanjutan perbaikan jl Sukamulya https://t.co/Zs7IOByRJj
RT @Gilang_Mahesa: Informasi utk masyarakat di sekitar bantaran sungai Citarum - cc @Deddy_Mizwar_ @DediMulyadi71 @Kang_DN1 @ridwankamil @S‚Ä¶
@atmospherecafe @ridwankamil special guest for tonight https://t.co/pEI8A8J3GD
RT @ridwankamil: Utk ekstra keamanan,Polrestabes hadirkan Pos Polisi di Tamansari, Dipati Ukur, Ciumbuleuit, Ahmad Yani, Alun2, Pahlawan, S‚Ä¶
@ridwankamil @OdedMD @yossiirianto @DiskominfoBdg 11/11 URC Bojonagara, lanjutan perbaikan jl Sirnamanah https://t.co/kb1i3V3sms
RT @relawan_bdg: Ini yg dilakukan Kang @ridwankamil utk mengatasi banjir Pagarsih. https://t.co/jsJT5QqRdg
Ini yg dilakukan Kang @ridwankamil utk mengatasi banjir Pagarsih. https://t.co/jsJT5QqRdg
@pdamtirtawening @ridwankamil kmha ieu tos bade sa sasih teu ngocor? lami keneh perbaikanna? daerah kb.kangkung , bosen meser sa harga 180rb
@ridwankamil @OdedMD @yossiirianto @DiskominfoBdg 11/11 URC Bojonagara, lanjutan perbaikan kirmir saluran jl Sariwa‚Ä¶ https://t.co/J5NF3XN1Ss
RT @Gilang_Mahesa: Informasi utk masyarakat di sekitar bantaran sungai Citarum - cc @Deddy_Mizwar_ @DediMulyadi71 @Kang_DN1 @ridwankamil @S‚Ä¶
RT @kel_campaka: #ngabandungan warga @ridwankamil @OdedMD @yossiirianto @PemumBdg @DiskominfoBdg @ppidkotabandung @BandungCC2016 @kecamatan‚Ä¶
RT @kecamatan_andir: Prestise sungai citepus Kel.KbnJruk dibantu TNI (Koramil Andir) & Polsek Andir. @ridwankamil @PemumBdg @DiskominfoBdg‚Ä¶
RT @kecamatan_andir: M√†grib mengaji di tempat pengajian & Mesjid di Wil.Kec.Andir. @ridwankamil @PemumBdg @DiskominfoBdg @nofidiekaputera @‚Ä¶
RT @Gilang_Mahesa: Informasi utk masyarakat di sekitar bantaran sungai Citarum - cc @Deddy_Mizwar_ @DediMulyadi71 @Kang_DN1 @ridwankamil @S‚Ä¶
RT @Kel_PasirBiru: 11/11/16 Monitoring petugas gober di Taman Batas kota dan Jl.AH Nasution.  Cc @ridwankamil @KecamatanCibiru @PemumBdg ht‚Ä¶
@ridwankamil  asslm...kang minta bantuannya utk menyampaikan ke bupati kab bdg kahatex rancaekek banjir parah mhn dibatu agar surutt nuhu kg
RT @dbmpkotabdg: @ridwankamil @OdedMD @yossiirianto @DiskominfoBdg 11/11 Pasukan Jurig Cai, pemeliharaan saluran Cinambo Lama, Gedebage jl‚Ä¶
RT @Kel_PasirBiru: 11/11/16 Monitoring petugas gober di Taman Batas kota dan Jl.AH Nasution.  Cc @ridwankamil @KecamatanCibiru @PemumBdg ht‚Ä¶
RT @mazNOT: Potensi Cuaca Ekstrim Meningkat, Masyarakat Dihimbau Waspada https://t.co/tDPQ1LTYMU @ridwankamil @infoBMKG @dbmpkotabdg @Pemum‚Ä¶
pa @Ridwankamil pan tadi tuh ada banner pa Soekarno jatuh, ya aku bangunin, soalnya karaos jatuh tanpa ada yang ban‚Ä¶ https://t.co/VbnjhnuPpa
RT @Gilang_Mahesa: Informasi utk masyarakat di sekitar bantaran sungai Citarum - cc @Deddy_Mizwar_ @DediMulyadi71 @Kang_DN1 @ridwankamil @S‚Ä¶
kang @ridwankamil bbrpa daerah d bdg kan banjir? para jomblo lenyapkah terbawa banjir?
RT @Gilang_Mahesa: Informasi utk masyarakat di sekitar bantaran sungai Citarum - cc @Deddy_Mizwar_ @DediMulyadi71 @Kang_DN1 @ridwankamil @S‚Ä¶
Ratusan Kiai Khos Hadiri Silatnas Ulama Rakyat. #Silatnasulamarakyat  @ridwankamil @krisnamukti17 @AliMasykurMusa‚Ä¶ https://t.co/6BjqLpM9nQ
Kang @ridwankamil leres nuju di Atmosphere nonton Kahitna? Bilih lepat hihhi https://t.co/ivpjP0YjCE
RT @mazNOT: Potensi Cuaca Ekstrim Meningkat, Masyarakat Dihimbau Waspada https://t.co/tDPQ1LTYMU @ridwankamil @infoBMKG @dbmpkotabdg @Pemum‚Ä¶
11/11/16 Monitoring petugas gober di Taman Batas kota dan Jl.AH Nasution.  Cc @ridwankamil @KecamatanCibiru‚Ä¶ https://t.co/wez2UzpkIO
Maafkan kami pak. Good night mimpi indah ya pak üòöüòö @ridwankamil @25MutiChiBi https://t.co/FWnoidCvjT
RT @diskamtam: pengeroyokan PHL @diskamtam plng menanam phn pkl.14 (11/11) olh preman diJl.IbrahimAji @ridwankamil @RESTABES_BDG https://t.‚Ä¶
jadi tukang potong pita aja gpp lah pak , asal bisa ketemu cibi @ridwankamil https://t.co/QUmWByDsKC
Maafkan kami pak. Good night mimpi indah ya pak üòöüòö @ridwankamil @25MutiChiBi https://t.co/5ondpJNWAj
RT @Gilang_Mahesa: Informasi utk masyarakat di sekitar bantaran sungai Citarum - cc @Deddy_Mizwar_ @DediMulyadi71 @Kang_DN1 @ridwankamil @S‚Ä¶
RT @DIVAL_Pambdg: PatKel & pemeliharaan jaringan air limbah Gg. Melania III s/d V @KELURAHANCIHAUR  @cibkalerbdg  @ridwankamil @sonnysalimi‚Ä¶
RT @Gilang_Mahesa: Informasi utk masyarakat di sekitar bantaran sungai Citarum - cc @Deddy_Mizwar_ @DediMulyadi71 @Kang_DN1 @ridwankamil @S‚Ä¶
Buat bintang tamu peresmian apa gitu. Di jamin petcah. Ayo pak. Bpk yg mengerti kami @ridwankamil @25MutiChiBi https://t.co/lSsL785R5y
Boleh lah pa di kantor saya Fif group rajawali biar banyak pelanggan yg daftar klo ada cherrybelleüòÅ @ridwankamil‚Ä¶ https://t.co/ENbKPpzD1g
@ridwankamil @25MutiChiBi  buat konser cherrybelle di bandung #AskMutiChibi
RT @pdamtirtawening: Pelantikan Direktur Umum & Direktur Air Limbah PDAM Tirtawening Kota Bdg oleh Bapak Walikota Bandung @ridwankamil http‚Ä¶
RT @Gilang_Mahesa: Informasi utk masyarakat di sekitar bantaran sungai Citarum - cc @Deddy_Mizwar_ @DediMulyadi71 @Kang_DN1 @ridwankamil @S‚Ä¶
ayo pak . bpk yg sangat mengerti anak muda bandung üòÇüòÇ @ridwankamil #AskMutiChiBi @25MutiChiBi  https://t.co/A0yGP4VdVz
@lenamartiana95 @jasminne29 @ridwankamil @25MutiChiBi tah mut. Lena takut ketauhan selingkuh hahaha
RT @jasminne29: konser ditaman jomblo ? üòÇ @ridwankamil #AskMutiChiBi @25MutiChiBi  https://t.co/ob98OIC9Pl
@jasminne29 @ridwankamil @25MutiChiBi @ayulela19 tong di taman jomblo ihh deket rumah anisa ngke ketauan abi jeung nomut..aahaahaa
boleh lah bintang tamu nya chibi ya pak . @ridwankamil @25MutiChiBi #AskMutiChiBi https://t.co/uvU4yLkDTR
Duh boleh tuh pak. Deket kosan saya. Ayo dong pak @ridwankamil @25MutiChiBi #AskMutiChiBi https://t.co/pl66Fv3YJP
RT @pdamtirtawening: Pelantikan Direktur Umum & Direktur Air Limbah PDAM Tirtawening Kota Bdg oleh Bapak Walikota Bandung @ridwankamil http‚Ä¶
Sdh berulang kali naek angkot supirnya sambil minum2an keras, ugal-ugalan, sgt membahayakan. Tlg ditertibkan @ridwankamil @dishub_kotabdg
RT @Gilang_Mahesa: Informasi utk masyarakat di sekitar bantaran sungai Citarum - cc @Deddy_Mizwar_ @DediMulyadi71 @Kang_DN1 @ridwankamil @S‚Ä¶
agar supaya pembangunan skywalk d cihampelas cpt beres cibi konser disana geura pak @ridwankamil @25MutiChiBi‚Ä¶ https://t.co/AoUDlxNKRg
RT @jasminne29: konser ditaman jomblo ? üòÇ @ridwankamil #AskMutiChiBi @25MutiChiBi  https://t.co/ob98OIC9Pl
Konser di alunalun aja sekalian üòÇ @ridwankamil #AskMutiChiBi @25MutiChiBi  https://t.co/AmJo5jvhiK
RT @Gilang_Mahesa: Informasi utk masyarakat di sekitar bantaran sungai Citarum - cc @Deddy_Mizwar_ @DediMulyadi71 @Kang_DN1 @ridwankamil @S‚Ä¶
RT @dbmpkotabdg: @ridwankamil @OdedMD @yossiirianto @DiskominfoBdg 11/11 Pasukan Jurig Cai, perbaikan kirmir saluran jl Babakan Jeruk 3 htt‚Ä¶
@okezonenews @ridwankamil barusan beli seblak udah gak pake steropom kang. Mataaf efektip.
Konser di Taman lansia aja sekalian. üòÇ @ridwankamil #AskMutiChiBi @25MutiChiBi https://t.co/i6HRejF4IG
Selamat malam pa. Sy mahasiswa stpb, kalo mau wawancara bapa hrs menghubungi kemana ya? Untuk keperluan institusi pendidikan @ridwankamil
RT @innenuraini_g: @dbmpkotabdg @6atot @ridwankamil haturnuhun supados afdol dipasang penutupnya
RT @kecamatan_andir: M√†grib mengaji di tempat pengajian & Mesjid di Wil.Kec.Andir. @ridwankamil @PemumBdg @DiskominfoBdg @nofidiekaputera @‚Ä¶
konser ditaman jomblo ? üòÇ @ridwankamil #AskMutiChiBi @25MutiChiBi  https://t.co/ob98OIC9Pl
RT @mazNOT: Potensi Cuaca Ekstrim Meningkat, Masyarakat Dihimbau Waspada https://t.co/tDPQ1LTYMU @ridwankamil @infoBMKG @dbmpkotabdg @Pemum‚Ä¶
RT @Gilang_Mahesa: Informasi utk masyarakat di sekitar bantaran sungai Citarum - cc @Deddy_Mizwar_ @DediMulyadi71 @Kang_DN1 @ridwankamil @S‚Ä¶
Potensi Cuaca Ekstrim Meningkat, Masyarakat Dihimbau Waspada https://t.co/tDPQ1LTYMU @ridwankamil @infoBMKG‚Ä¶ https://t.co/hdsi7TfTEx
bpk tau cherrybelle kan ? ku yakin tau karna bpk super gaul üòò @ridwankamil #AskMutiChiBi https://t.co/7JnT5jKd08
@25MutiChiBi @jasminne29 @ridwankamil yuk pak bikin konset cherrybelle di bandung #AskMutiChibi
Yuk pak @ridwankamil https://t.co/fuh6wzdtHR
@ridwankamil pak buat konser bareng @Cherrybelleindo dong pasti rame:v
@innenuraini_g @6atot @ridwankamil sawangsulna bu
Pak rundown acara ust fatih seferegic besok apa saja? @ridwankamil
@dbmpkotabdg @6atot @ridwankamil haturnuhun supados afdol dipasang penutupnya
Pak @ridwankamil pleasee realisasikan keinginan kami. bpk kan gaul @25MutiChiBi #AskMutiChiBi https://t.co/G5Q84JOqdp
@innenuraini_g @6atot @ridwankamil siap bu Lurah, disampaikan kpd unit kerja terkait
@dbmpkotabdg @6atot @ridwankamil  ini gbrnya sedang dibuat oleh pihak ke 3 tpi kirmirnya sdh hancur mhn bantuanya https://t.co/Y7329idPLG
Pak @ridwankamil bikin konser dong buat cherrybelle di bandung @25MutiChiBi #AskMutiChiBi ‚úå kan bpk gaul . https://t.co/RKk2YQBiXJ
Jg srn to. Damri, TMB, & TBR. Jgn sampai jam 6, Pa. Lwt dr jam itu msh bnyk yg membutuhkan, trmsk sy support gerakan naik bis @ridwankamil
M√†grib mengaji di tempat pengajian & Mesjid di Wil.Kec.Andir. @ridwankamil @PemumBdg @DiskominfoBdg‚Ä¶ https://t.co/N2Kd0mCnzs
Pak @ridwankamil bikin konser dong buat cherrybelle di bandung. @25MutiChiBi #AskMutiChiBi ‚úå‚úå‚úå https://t.co/NLpj2PbtV6
Pak @ridwankamil Meuni kasep üòç https://t.co/9NNMzzjCFm
pak @ridwankamil undang cherrybelle dong ke bandung @25MutiChiBi #AskMutiChiBi ‚úå https://t.co/cawyl4qbGB
RT @Gilang_Mahesa: Informasi utk masyarakat di sekitar bantaran sungai Citarum - cc @Deddy_Mizwar_ @DediMulyadi71 @Kang_DN1 @ridwankamil @S‚Ä¶
RT @Gilang_Mahesa: Informasi utk masyarakat di sekitar bantaran sungai Citarum - cc @Deddy_Mizwar_ @DediMulyadi71 @Kang_DN1 @ridwankamil @S‚Ä¶
RT @ayslaras: Kang @ridwankamil mungkin bisa bantu RT kang. Meskipun jualannya engga di Bdg, but this is totally moving üò¢üò≠ https://t.co/KnP‚Ä¶
pak @ridwankamil undang cherrybelle dong ke bandung @25MutiChiBi #AskMutiChiBi ‚úå https://t.co/88h8eC4hPf
Kang @ridwankamil mungkin bisa bantu RT kang. Meskipun jualannya engga di Bdg, but this is totally moving üò¢üò≠ https://t.co/KnPOxhR0Sm
RT @pdkebersihanbdg: Dirut @denurha_pdk presentasi BUMD Award di Grand Mercure Jakarta cc: @ridwankamil https://t.co/aZbHVUQccN
Giat jumling di masjid aliklas kel pasangrahan 11-11-2016 @ridwankamil @DiskominfoBdg @PemumBdg https://t.co/3rseTjEJUC
pak @ridwankamil undang cherrybelle dong ke bandung @25MutiChiBi #AskMutiChiBi ‚úå https://t.co/baCn7uEnXB
RT @Gilang_Mahesa: Informasi utk masyarakat di sekitar bantaran sungai Citarum - cc @Deddy_Mizwar_ @DediMulyadi71 @Kang_DN1 @ridwankamil @S‚Ä¶
I'm at Bandung - @pemkotbandung in Bandung, West Java, Jawa Barat https://t.co/OMJC6xQ05F
Prestise sungai citepus Kel.KbnJruk dibantu TNI (Koramil Andir) & Polsek Andir. @ridwankamil @PemumBdg‚Ä¶ https://t.co/6S8Sz9NKCC
@ridwankamil @dissos_jabar @Dinsos_BDG @kartaBDG https://t.co/aagHHNz5Mc
RT @GiskaAP: To honorable Mr. @ridwankamil I wish the video for my skripsi can upload soon bapak. Thanks for a million üôèüèª https://t.co/Yn3P‚Ä¶
Sekedar mengingatkan @jokowi @aheryawan @ridwankamil @Polisi_R1 @Pak_JK @karniilyas @prabowo @lukmansaifuddin https://t.co/1FkCnXDadN
RT @Gilang_Mahesa: Informasi utk masyarakat di sekitar bantaran sungai Citarum - cc @Deddy_Mizwar_ @DediMulyadi71 @Kang_DN1 @ridwankamil @S‚Ä¶
@ridwankamil Pak, sy bisa temui bapak kapan dan dimana ya  kira2? Sy tiap ngejar2 bapak kedempet wartawan trs ga kebagian :( #duedateSkripsi
@ridwankamil asalamualaikum wrb kumaha damang akang    segera mungkin apple di bandung  cepat dilaksanakan segera akang haturnuhun
RT @ridwankamil: Jabil/UTC Aerospace ini membutuhkan staf insinyur dan teknisi sd 1000 orang utk produksi ke pasar dunia. Silakan siap2 mel‚Ä¶
RT @ridwankamil: Alhamdulilllah, dibawah koordinasi Propinsi akhirnya terbentuk lembaga koordinasi penanganan Banjir untuk 5 kota/kab di ce‚Ä¶
RT @Gilang_Mahesa: Informasi utk masyarakat di sekitar bantaran sungai Citarum - cc @Deddy_Mizwar_ @DediMulyadi71 @Kang_DN1 @ridwankamil @S‚Ä¶
RT @Gilang_Mahesa: Informasi utk masyarakat di sekitar bantaran sungai Citarum - cc @Deddy_Mizwar_ @DediMulyadi71 @Kang_DN1 @ridwankamil @S‚Ä¶
Oooohhhh nasib ReloKasi Bip sampai kapan kami bertahan Hidup terutama yg berumah tangga apakah masih ada perhatian dr WK Bdg @ridwankamil
@ridwankamil @OdedMD @yossiirianto @DiskominfoBdg 11/11 Pasukan Jurig Cai, perbaikan kirmir saluran jl Babakan Jeru‚Ä¶ https://t.co/UQwsOncG0j
Darurat banjir konsep 155 kang @ridwankamil  1 rumah selokan bersih + sumur resapan min 5 m r= 5cm insya allah 65% runoff berkurang
@ridwankamil @OdedMD @yossiirianto @DiskominfoBdg 11/11 Pasukan Jurig Cai, lanjutan pengerukan sendimen saluran jl‚Ä¶ https://t.co/u6GeKxK0Pz
https://t.co/fv2sA1VEs4  @ridwankamil @ata_lia @info_unpad @unpad @RadioUnpad @sekitarbdg_ @tribunjabar @tribunnews @Delta_FM @PRFMnews
RT @pdamtirtawening: Pelantikan Direktur Umum & Direktur Air Limbah PDAM Tirtawening Kota Bdg oleh Bapak Walikota Bandung @ridwankamil http‚Ä¶
Dandim 0618/BS & Para Danramil ikuti Rakor Kominda Kota Bandung @tni_ad @ridwankamil @sekitarbdg_ @vitriaratih https://t.co/OHQFTotRbG
RT @Gilang_Mahesa: Informasi utk masyarakat di sekitar bantaran sungai Citarum - cc @Deddy_Mizwar_ @DediMulyadi71 @Kang_DN1 @ridwankamil @S‚Ä¶
RT @kodim0618bs: Dnramil1801/Astar Pimpin karbak  Sungai Citepus utk mengatasi Banjir @tni_ad @sekitarbdg_ @ridwankamil @vitriaratih https:‚Ä¶
To honorable Mr. @ridwankamil I wish the video for my skripsi can upload soon bapak. Thanks for a million üôèüèª https://t.co/Yn3Pp6CDTu
RT @diskamtam: pengeroyokan PHL @diskamtam plng menanam phn pkl.14 (11/11) olh preman diJl.IbrahimAji @ridwankamil @RESTABES_BDG https://t.‚Ä¶
@ridwankamil @OdedMD @yossiirianto @DiskominfoBdg 11/11 Pasukan Jurig Cai, pemeliharaan saluran Cinambo Lama, Gedeb‚Ä¶ https://t.co/VPh7FLvJQ9
RT @kodim0618bs: Dnramil1801/Astar Pimpin karbak  Sungai Citepus utk mengatasi Banjir @tni_ad @sekitarbdg_ @ridwankamil @vitriaratih https:‚Ä¶
RT @Gilang_Mahesa: Informasi utk masyarakat di sekitar bantaran sungai Citarum - cc @Deddy_Mizwar_ @DediMulyadi71 @Kang_DN1 @ridwankamil @S‚Ä¶
@callv_in @ridwankamil
Yu dkung christo dgn cra ketik TVKI CHRISTO krm ke 95151 ,,colek kang @ridwankamil :D #GlobalTvLiveRound1 @thevoicekidsgtv
RT @kodim0618bs: Dnramil1801/Astar Pimpin karbak  Sungai Citepus utk mengatasi Banjir @tni_ad @sekitarbdg_ @ridwankamil @vitriaratih https:‚Ä¶
Dnramil1801/Astar Pimpin karbak  Sungai Citepus utk mengatasi Banjir @tni_ad @sekitarbdg_ @ridwankamil @vitriaratih https://t.co/eOu4d45NxU
Bila masih bertahan di Relokasi Bip yg pak @ridwankamil bikin itu akibat Roliing selama 3thn ini dan Gratis tp samapaikapan mang @OdedMD
@ridwankamil @OdedMD @yossiirianto @DiskominfoBdg 11/11 Pasukan Jurig Cai, pemeliharaan saluran seberang hotel Ling‚Ä¶ https://t.co/lnV5SR8v3x
@ridwankamil @kilatnews16 kalau boleh minta followback nya pak xixixi
@ridwankamil @OdedMD @yossiirianto @PemumBdg @DiskominfoBdg Jumling bersama Kapolsek, PA. Camat dan LKK Kel.Skly https://t.co/t4tcLGDRDc
@ridwankamil @OdedMD @yossiirianto @DiskominfoBdg 11/11 Pasukan Jurig Cai, pemeliharaan saluran Cicadas @KelCikutra‚Ä¶ https://t.co/MJi8Ta210d
RT @dbmpkotabdg: @ridwankamil @OdedMD @yossiirianto @DiskominfoBdg 11/11 Pasukan Jurig Cai, pemeliharaan saluran Cianting @HuseinSN @kec_ci‚Ä¶
RT @jo_kodokk: Ini daftar sekolah syiah sesat milik @Haidar_Bagir ya om @soemali @ridwankamil @ata_lia https://t.co/oxoPzTtUxn https://t.co‚Ä¶
RT @jo_kodokk: AJARAN CABUL PENDETA TERBESAR SYIAH SESAT KOMENEI @ata_lia https://t.co/BhAeh1gO71 @ridwankamil @albertuspatty @GunRomli @Bi‚Ä¶
